{
  "conftest.py": 1776460542.7836263,
  "main.py": 1776460542.8089876,
  "rq_worker.py": 1776460542.8375263,
  "run_local.py": 1776460542.8386893,
  "worker_runner.py": 1776460542.94253,
  "clients\\omdb_client.py": 1776488449.6864245,
  "clients\\perplexity_client.py": 1776488452.8536985,
  "clients\\telegram_card.py": 1776460542.7736313,
  "clients\\telegram_client.py": 1776460542.7751594,
  "clients\\telegram_helpers.py": 1776460542.7751594,
  "clients\\watchmode_client.py": 1776460542.7751594,
  "config\\app_config.py": 1776460542.7751594,
  "config\\redis_cache.py": 1776460542.7820973,
  "config\\supabase_client.py": 1776460542.7836263,
  "config\\__init__.py": 1776460542.7751594,
  "handlers\\discovery_handlers.py": 1776460542.7965264,
  "handlers\\feedback_handlers.py": 1776460542.7965264,
  "handlers\\history_handlers.py": 1776460542.8022625,
  "handlers\\movie_handlers.py": 1776460542.8034463,
  "handlers\\normalizer.py": 1776488522.340825,
  "handlers\\rec_handlers.py": 1776460542.8034463,
  "handlers\\user_handlers.py": 1776460542.807952,
  "handlers\\__init__.py": 1776460542.7898748,
  "handlers\\admin\\admin_handlers.py": 1776460542.793975,
  "handlers\\admin\\broadcast_handlers.py": 1776460542.793975,
  "handlers\\admin\\decorator.py": 1776460542.7965264,
  "handlers\\admin\\__init__.py": 1776460542.7924397,
  "models\\domain.py": 1776460542.8107526,
  "models\\__init__.py": 1776460542.8107526,
  "repositories\\admin_repository.py": 1776460542.8196673,
  "repositories\\api_usage_repository.py": 1776460542.825027,
  "repositories\\feedback_repository.py": 1776460542.827974,
  "repositories\\history_repository.py": 1776460542.827974,
  "repositories\\movie_metadata_repository.py": 1776460542.827974,
  "repositories\\session_repository.py": 1776460542.827974,
  "repositories\\user_repository.py": 1776460542.8338406,
  "repositories\\watchlist_repository.py": 1776460542.835021,
  "repositories\\__init__.py": 1776460542.8173106,
  "services\\admin_service.py": 1776488484.593846,
  "services\\container.py": 1776488496.0009387,
  "services\\discovery_service.py": 1776460542.8422873,
  "services\\enrichment_service.py": 1776460542.8422873,
  "services\\health_service.py": 1776460542.8422873,
  "services\\logging_service.py": 1776460542.8422873,
  "services\\movie_service.py": 1776460542.8509936,
  "services\\queue_service.py": 1776460542.8516822,
  "services\\recommendation_engine.py": 1776460542.8516822,
  "services\\recommendation_service.py": 1776460542.8541813,
  "services\\semantic_service.py": 1776460542.8561947,
  "services\\session_service.py": 1776460542.8577077,
  "services\\user_service.py": 1776460542.859242,
  "services\\worker_service.py": 1776460542.859242,
  "services\\__init__.py": 1776460542.8402538,
  "tests\\conftest.py": 1776460542.862809,
  "tests\\test_admin.py": 1776460542.864472,
  "tests\\test_bug_fixes.py": 1776460542.8661478,
  "tests\\test_discovery_service.py": 1776460542.8679228,
  "tests\\test_e2e_db.py": 1776460542.8694527,
  "tests\\test_e2e_regression.py": 1776460542.8694527,
  "tests\\test_enrichment_cache.py": 1776460542.8728905,
  "tests\\test_enrichment_service.py": 1776460542.8749263,
  "tests\\test_error_logging.py": 1776460542.8756413,
  "tests\\test_feature7_fixes.py": 1776460542.876665,
  "tests\\test_feature8_fixes.py": 1776460542.876665,
  "tests\\test_feature9_fixes.py": 1776460542.876665,
  "tests\\test_feedback.py": 1776460542.876665,
  "tests\\test_feedback_integration.py": 1776460542.8826523,
  "tests\\test_health_service.py": 1776460542.8927135,
  "tests\\test_history_watchlist.py": 1776460542.8942492,
  "tests\\test_models.py": 1776460542.89839,
  "tests\\test_movie_metadata_repository.py": 1776460542.9090207,
  "tests\\test_normalizer.py": 1776460542.911232,
  "tests\\test_questioning.py": 1776460542.9127643,
  "tests\\test_queue_service.py": 1776460542.9144447,
  "tests\\test_recommendation_modes.py": 1776460542.9156623,
  "tests\\test_recommendation_service.py": 1776460542.9254625,
  "tests\\test_semantic_service.py": 1776460542.9327636,
  "tests\\test_services.py": 1776460542.9350028,
  "tests\\test_star_share.py": 1776460542.935539,
  "tests\\test_three_fixes.py": 1776460542.935539,
  "tests\\test_webhook.py": 1776460542.938442,
  "tests\\__init__.py": 1776460542.861277,
  "utils\\formatters.py": 1776460542.94253,
  "utils\\time_utils.py": 1776460542.94253,
  "utils\\__init__.py": 1776460542.9405015,
  "CineMate Telegram Bot \u2013 Live Testing Guide and README Draft.md": 1776460542.7646804,
  "README.md": 1776460542.7673807,
  "requirements.txt": 1776460542.8360114,
  "docs\\TEST_MATRIX.md": 1776460542.7858307
}